-- MySQL dump 10.13  Distrib 5.7.30, for Linux (x86_64)
--
-- Host: localhost    Database: jumeira
-- ------------------------------------------------------
-- Server version	5.7.30

/*!40101 SET @OLD_CHARACTER_SET_CLIENT=@@CHARACTER_SET_CLIENT */;
/*!40101 SET @OLD_CHARACTER_SET_RESULTS=@@CHARACTER_SET_RESULTS */;
/*!40101 SET @OLD_COLLATION_CONNECTION=@@COLLATION_CONNECTION */;
/*!40101 SET NAMES utf8mb4 */;
/*!40103 SET @OLD_TIME_ZONE=@@TIME_ZONE */;
/*!40103 SET TIME_ZONE='+00:00' */;
/*!40014 SET @OLD_UNIQUE_CHECKS=@@UNIQUE_CHECKS, UNIQUE_CHECKS=0 */;
/*!40014 SET @OLD_FOREIGN_KEY_CHECKS=@@FOREIGN_KEY_CHECKS, FOREIGN_KEY_CHECKS=0 */;
/*!40101 SET @OLD_SQL_MODE=@@SQL_MODE, SQL_MODE='NO_AUTO_VALUE_ON_ZERO' */;
/*!40111 SET @OLD_SQL_NOTES=@@SQL_NOTES, SQL_NOTES=0 */;

--
-- Table structure for table `brands`
--

DROP TABLE IF EXISTS `brands`;
/*!40101 SET @saved_cs_client     = @@character_set_client */;
/*!40101 SET character_set_client = utf8 */;
CREATE TABLE `brands` (
  `id` int(10) unsigned NOT NULL AUTO_INCREMENT,
  `brand` varchar(255) DEFAULT NULL,
  PRIMARY KEY (`id`)
) ENGINE=InnoDB AUTO_INCREMENT=7 DEFAULT CHARSET=utf8 AVG_ROW_LENGTH=2730;
/*!40101 SET character_set_client = @saved_cs_client */;

--
-- Dumping data for table `brands`
--

LOCK TABLES `brands` WRITE;
/*!40000 ALTER TABLE `brands` DISABLE KEYS */;
INSERT INTO `brands` VALUES (1,'50'),(2,'Описание'),(3,'Описание'),(4,'Описание'),(5,'Описание'),(6,'Описание');
/*!40000 ALTER TABLE `brands` ENABLE KEYS */;
UNLOCK TABLES;

--
-- Table structure for table `categories`
--

DROP TABLE IF EXISTS `categories`;
/*!40101 SET @saved_cs_client     = @@character_set_client */;
/*!40101 SET character_set_client = utf8 */;
CREATE TABLE `categories` (
  `id` int(10) unsigned NOT NULL AUTO_INCREMENT,
  `category` varchar(255) NOT NULL,
  PRIMARY KEY (`id`)
) ENGINE=InnoDB AUTO_INCREMENT=27 DEFAULT CHARSET=utf8 AVG_ROW_LENGTH=5461;
/*!40101 SET character_set_client = @saved_cs_client */;

--
-- Dumping data for table `categories`
--

LOCK TABLES `categories` WRITE;
/*!40000 ALTER TABLE `categories` DISABLE KEYS */;
INSERT INTO `categories` VALUES (1,'Закуски'),(2,'Салаты'),(3,'Первые блюда'),(4,'Паста'),(5,'Блюда из рыбы'),(6,'Блюда из мяса'),(7,'Блюда из курицы'),(8,'Гарниры'),(9,'Пицца'),(10,'Фокачча/Хлеб'),(11,'Соусы'),(12,'Блины/Сэндвичи'),(13,'Боулы'),(14,'Комплексные завтраки'),(15,'Омлеты'),(16,'Каши'),(17,'Кофе'),(18,'Альтернатива'),(19,'Кофе холодный'),(20,'Лимонад'),(21,'Коктейли'),(22,'Фреши'),(23,'Напитки'),(24,'Чай классический'),(25,'Чай авторский'),(26,'К чаю');
/*!40000 ALTER TABLE `categories` ENABLE KEYS */;
UNLOCK TABLES;

--
-- Table structure for table `clients`
--

DROP TABLE IF EXISTS `clients`;
/*!40101 SET @saved_cs_client     = @@character_set_client */;
/*!40101 SET character_set_client = utf8 */;
CREATE TABLE `clients` (
  `id` int(10) unsigned NOT NULL AUTO_INCREMENT,
  `name` varchar(255) DEFAULT NULL,
  `email` varchar(50) DEFAULT NULL,
  `phone` varchar(50) DEFAULT NULL,
  `dt_added` timestamp NOT NULL DEFAULT CURRENT_TIMESTAMP ON UPDATE CURRENT_TIMESTAMP,
  PRIMARY KEY (`id`)
) ENGINE=InnoDB DEFAULT CHARSET=utf8 AVG_ROW_LENGTH=2730;
/*!40101 SET character_set_client = @saved_cs_client */;

--
-- Dumping data for table `clients`
--

LOCK TABLES `clients` WRITE;
/*!40000 ALTER TABLE `clients` DISABLE KEYS */;
/*!40000 ALTER TABLE `clients` ENABLE KEYS */;
UNLOCK TABLES;

--
-- Table structure for table `details`
--

DROP TABLE IF EXISTS `details`;
/*!40101 SET @saved_cs_client     = @@character_set_client */;
/*!40101 SET character_set_client = utf8 */;
CREATE TABLE `details` (
  `order_id` int(11) NOT NULL,
  `good_id` int(11) NOT NULL,
  `good` varchar(255) NOT NULL,
  `price` int(11) NOT NULL,
  `count` int(11) NOT NULL,
  PRIMARY KEY (`order_id`,`good_id`)
) ENGINE=InnoDB DEFAULT CHARSET=utf8 AVG_ROW_LENGTH=3276;
/*!40101 SET character_set_client = @saved_cs_client */;

--
-- Dumping data for table `details`
--

LOCK TABLES `details` WRITE;
/*!40000 ALTER TABLE `details` DISABLE KEYS */;
/*!40000 ALTER TABLE `details` ENABLE KEYS */;
UNLOCK TABLES;

--
-- Table structure for table `goods`
--

DROP TABLE IF EXISTS `goods`;
/*!40101 SET @saved_cs_client     = @@character_set_client */;
/*!40101 SET character_set_client = utf8 */;
CREATE TABLE `goods` (
  `id` int(10) unsigned NOT NULL AUTO_INCREMENT,
  `good` varchar(255) NOT NULL,
  `category_id` int(10) unsigned NOT NULL,
  `brand_id` int(10) unsigned NOT NULL,
  `gramm` varchar(50) NOT NULL,
  `price` int(11) unsigned NOT NULL,
  `photo` varchar(255) NOT NULL,
  `composition` varchar(500) NOT NULL DEFAULT 'Нет данных для отображения',
  `time` varchar(20) NOT NULL DEFAULT '~15 мин',
  `rating` int(11) unsigned NOT NULL DEFAULT '0',
  `orders` int(255) NOT NULL DEFAULT '0',
  PRIMARY KEY (`id`),
  KEY `FK_goods_brands_id` (`brand_id`),
  KEY `FK_goods_categories_id` (`category_id`),
  CONSTRAINT `FK_goods_brands_id` FOREIGN KEY (`brand_id`) REFERENCES `brands` (`id`) ON DELETE CASCADE ON UPDATE CASCADE,
  CONSTRAINT `FK_goods_categories_id` FOREIGN KEY (`category_id`) REFERENCES `categories` (`id`) ON DELETE CASCADE ON UPDATE CASCADE
) ENGINE=InnoDB AUTO_INCREMENT=222 DEFAULT CHARSET=utf8 AVG_ROW_LENGTH=1170;
/*!40101 SET character_set_client = @saved_cs_client */;

--
-- Dumping data for table `goods`
--

LOCK TABLES `goods` WRITE;
/*!40000 ALTER TABLE `goods` DISABLE KEYS */;
INSERT INTO `goods` VALUES (1,'Брускетта с авокадо',1,1,'160 гр.',350,'1.jpg','хлеб тартин, творожный сыр, авокадо, яйцо Пашот, зелень','~15 мин',0,0),(2,'Брускетта ростбифом',1,1,'130 гр.',390,'2.jpg','хлеб тартин, масло чесночное.помидоры.руккола.черри.крем бальзамик','~15 мин',0,0),(3,'Брускетта с семгой',1,1,'140 гр.',370,'3.jpg','хлеб тартин, творожный сыр, семга с\\с.руккола.лимон.крем бальзамик','~15 мин',0,0),(4,'Брускетта с томатами',1,1,'120 гр.',250,'4.jpg','хлеб тартин, масло чесночное, помидоры, зелень, черри','~15 мин',0,0),(5,'Салат греческий',2,1,'250 гр.',430,'5.jpg','Помидоры, огурцы, болг. перец, лук красный, микс салата, Фетакса, соус Греческий','~15 мин',0,0),(6,'Салат Океаника',2,2,'300 гр.',799,'6.jpg','микс салата, мидии, креветки, семга слабосоленая., апельсин, огурцы, черри, салатная заправка','~15 мин',0,0),(7,'Салат с ростбифом',2,2,'260 гр.',549,'7.jpg','микс салата, ростбиф, огурцы, черри, лук красный, сыр Пармезан, салатная заправка','~15 мин',0,0),(8,'Салат с хрустящими баклажанами',2,1,'260 гр.',499,'8.jpg','баклажаны,  помидоры,  зелень,  соус Свитчили, творожный сыр','~15 мин',0,0),(9,'Салат со страчателлой и авокадо',2,5,'260 гр.',649,'9.jpg','шпинат, кедровые орешки, салатная заправка','~15 мин',0,0),(10,'Салат Тулуза с курицей и авокадо',2,4,'250 гр.',450,'10.jpg','огурец, редис, кедровые орешки, салатная заправка, сыр Моцарелла','~15 мин',0,0),(11,'Салат Эгоист',2,4,'230 гр.',500,'11.jpg','шпинат, ростки сои, вырезка, черри, яйцо перепелиное, салатная заправка, сыр Пармезан','~15 мин',0,0),(12,'Теплый салат с телятиной',2,5,'220 гр.',599,'12.jpg','микс салата, вырезка, баклажаны, картофельные дольки, шампиньоны, черри, салатная заправка, сыр Пармезан','~15 мин',0,0),(13,'Цезарь с креветками',2,6,'280 гр.',549,'13.jpg','микс салата, креветки, черри, перепелиное яйцо, соус Цезарь, сухарики, лимон, сыр Пармезан','~15 мин',0,0),(14,'Цезарь с курицей',2,6,'300 гр.',549,'14.jpg','микс салата, куриное филе запеченое, черри, перепелиное яйцо, соус Цезарь, сухарики, сыр Пармезан','~15 мин',0,0),(15,'Крем-суп грибной',3,1,'400 гр.',300,'15.jpg','шампиньоны, лук,  куриный бульон, сливки, сухарики','~15 мин',0,0),(16,'Крем-суп чечевичный',3,1,'400 гр.',320,'16.jpg','чечевица, лук, морковь, бульон говяжий, сухарики, лимон','~15 мин',0,0),(17,'Куриный суп',3,1,'400 гр.',320,'17.jpg','курица, бульон куриный, лапша, лук, морковь, яйцо куриное, зелень','~15 мин',0,0),(18,'Том Ям',3,1,'400 гр.',649,'18.jpg','паста том ям, кокос.молоко, бульон,  мидии,  семга, креветки, шампиньоны, черри, рис,  лайм, струч.перец','~15 мин',0,0),(19,'Спагетти со страчателлой и песто ПП',4,1,'250 гр.',549,'19.jpg','шпинат,  соус песто,  страчателла, черри','~15 мин',0,0),(20,'Пенне с говядиной с соусом Испаньола',4,1,'300 гр.',500,'20.jpg','вырезка, томатный соус с овощами, сыр Пармезан','~15 мин',0,0),(21,'Спагетти с ростбифом и индейкой в сливочном соусе',4,1,'340 гр.',569,'21.jpg','болг.перец,  сливки,  черри, яйцо куриное, сыр Пармезан','~15 мин',0,0),(22,'Фетучини с курицей и грибами',4,1,'340 гр.',499,'22.jpg','---','~15 мин',0,0),(23,'Фетучини с лососем в сливочном соусе',4,1,'330 гр.',699,'23.jpg','куриное филе, шампиньоны,  сливки,  сыр Пармезан,  черри','~15 мин',0,0),(24,'Дорадо на гриле',5,1,'320 гр.',790,'24.jpg','микс салата, салатная заправка, сыр Пармезан, черри','~15 мин',0,0),(25,'Лосось на гриле',5,1,'300 гр.',1200,'25.jpg','микс салата,  салатная заправка,  лимон, гарнир рис','~15 мин',0,0),(26,'Лосось на пару ПП',5,1,'280 гр.',1350,'26.jpg','брокколи,  руккола, сливочный соус,  лимон','~15 мин',0,0),(27,'Форель с овощами на гриле',5,1,'400 гр.',899,'27.jpg','цукини, баклажан, шампиньоны, болг.перец, черри,  лимон','~15 мин',0,0),(28,'Бефстроганов с картофельным пюре',6,1,'450 гр.',699,'28.jpg','вырезка, шампиньоны, лук, сливки, маринованные огурчики,  сыр Пармезан, черри','~15 мин',0,0),(29,'Голень ягненка',6,1,'550 гр.',1399,'29.jpg','томленая баранья голень , соус Демиглас,  пюре картофельное,  черри, зелень','~15 мин',0,0),(30,'Жаркое из говядины',6,1,'350 гр.',649,'30.jpg','вырезка, картофель, шампиньоны, болг.перец, лук,  томатный соус','~15 мин',0,0),(31,'Стейк Тибон',6,1,'450 гр.',1450,'31.jpg','шампиньоны, черри, струч.перчик, соус Демиглас','~15 мин',0,0),(32,'Стейк Томагавк',6,1,'450 гр.',1450,'32.jpg','шампиньоны, черри, струч.перчик, соус Демиглас','~15 мин',0,0),(33,'Томленные говяжьи ребра с картофельным пюре',6,1,'500 гр.',750,'33.jpg','соус демиглас, черри, зелень','~15 мин',0,0),(34,'Филе миньон на гриле',6,1,'470 гр.',770,'34.jpg','вырезка,  черри,  картофельное пюре,  соус Грибной','~15 мин',0,0),(35,'Жаркое куриное',7,1,'350 гр.',569,'35.jpg','кур.филе, картофель, шампиньоны, болг.перец, луктоматный соус','~15 мин',0,0),(36,'Куринная голень с соусом Свитчили',7,1,'500 гр.',570,'36.jpg','тушеная куриная голень с соусом, картофельным пюре','~15 мин',0,0),(37,'Куриная грудка со шпинатом и спаржей ПП',7,1,'300 гр.',699,'37.jpg','Куриный стейк с овощами гриль','~15 мин',0,0),(38,'Куриный стейк с овощами гриль',7,1,'350 гр.',669,'38.jpg','цукини, баклажан, шампиньоны,болг.перец,черри, микс салата с салатной заправкой','~15 мин',0,0),(39,'Наггетсы с картофелем фри',7,1,'330 гр.',479,'39.jpg','---','~15 мин',0,0),(40,'Фаршированное куриное филе',7,1,'250 гр.',550,'40.jpg','куриное филе фарш.шпинатом и сыром Моцарелла, руккола, салатная заправка','~15 мин',0,0),(41,'Картофель по-деревенски',8,1,'200 гр.',180,'41.jpg','---','~15 мин',0,0),(42,'Картофель фри',8,1,'200 гр.',180,'42.jpg','---','~15 мин',0,0),(43,'Картофельное пюре',8,1,'200 гр.',170,'43.jpg','---','~15 мин',0,0),(44,'Овощи гриль',8,1,'150 гр.',280,'44.jpg','---','~15 мин',0,0),(45,'Рис отварной',8,1,'150 гр.',150,'45.jpg','---','~15 мин',0,0),(46,'Пицца Ассорти',9,1,'620 гр.',620,'46.jpg','соус Мути, куриное филе, колбаса Пепперони, шампиньоны, помидоры, сыр Моцарелла','~15 мин',0,0),(47,'Пицца Грибная',9,1,'560 гр.',520,'47.jpg','соус Мути, грибы Опята, шампиньоны, сыр Моцарелла','~15 мин',0,0),(48,'Пицца Куриная',9,1,'580 гр.',550,'48.jpg','соус сливочный, куриное филе, помидоры, сыр Моцарелла','~15 мин',0,0),(49,'Пицца Маргарита',9,1,'560 гр.',550,'49.jpg','соус Мути, помидоры, сыр Моцарелла','~15 мин',0,0),(50,'Пицца Мясная',9,1,'550 гр.',650,'50.jpg','соус Мути, вырезка, лук репчатый, помидоры, сыр Моцарелла','~15 мин',0,0),(51,'Пицца Пепперони',9,1,'550 гр.',550,'51.jpg','соус Мути, колбаса Пепперони, сыр Моцарелла','~15 мин',0,0),(52,'Пицца с лососем',9,1,'600 гр.',870,'52.jpg','соус Мути, семга слабосоленая, сыр Моцарелла,черри,сыр Творожный','~15 мин',0,0),(53,'Пицца с ростбифом',9,1,'630 гр.',590,'53.jpg','соус Мути,ростбиф,сыр Моцарелла, микс салата, черри, лук красный, уоус Бальзамик','~15 мин',0,0),(54,'Пицца со страчателлой',9,1,'550 гр.',590,'54.jpg','соус Мути, страчателла,сыр Моцарелла, микс салата, черри, соус Греческий','~15 мин',0,0),(55,'Пицца Цезарь',9,1,'600 гр.',590,'55.jpg','соус сливочный,куриное филе,сыр Моцарелла, микс салата, черри, соус Цезарь, сыр Пармезан','~15 мин',0,0),(56,'Пицца Четыре сыра',9,1,'500 гр.',590,'56.jpg','соус сливочный,сыр Моцарелла, сыр Пармезан, Фетакса, сыр Творожный','~15 мин',0,0),(57,'Фокачча с сыром',10,1,'-- гр.',179,'57.jpg','---','~15 мин',0,0),(58,'Фокачча с томатами',10,1,'-- гр.',179,'58.jpg','---','~15 мин',0,0),(59,'Фокачча с травами',10,1,'-- гр.',179,'59.jpg','---','~15 мин',0,0),(60,'Фокачча с чесночным соусом',10,1,'-- гр.',179,'60.jpg','---','~15 мин',0,0),(61,'Хлебная корзина',10,1,'-- гр.',149,'60.jpg','булочки: ржаная, отрубная, пшеничная','~15 мин',0,0),(62,'Грибной соус',11,1,'60 гр.',89,'fon.png','---','~15 мин',0,0),(63,'Демиглас соус',11,1,'50 гр.',89,'fon.png','---','~15 мин',0,0),(64,'Кетчуп',11,1,'50 гр.',69,'fon.png','---','~15 мин',0,0),(65,'Сырный соус',11,1,'50 гр.',89,'fon.png','---','~15 мин',0,0),(66,'Блины с лососем и творожным сыром',12,1,'240 гр.',599,'66.jpg','---','~15 мин',0,0),(67,'Блины с нутеллой и бананом',12,1,'290 гр.',350,'67.jpg','---','~15 мин',0,0),(68,'Блины со сгущенным молоком, бананом и ягодным муссом',12,1,'290 гр.',350,'68.jpg','---','~15 мин',0,0),(69,'Круассан с индейкой',12,1,'250 гр.',399,'fon.png','---','~15 мин',0,0),(70,'Круассан с курицей',12,1,'250 гр.',399,'70.jpg','---','~15 мин',0,0),(71,'Круассан с лососем',12,1,'240 гр.',599,'fon.png','---','~15 мин',0,0),(72,'Круассан с ростбифом',12,1,'250 гр.',370,'fon.png','---','~15 мин',0,0),(73,'Панкейки с ягодным муссом и медом',12,1,'300 гр.',399,'73.jpg','---','~15 мин',0,0),(74,'Сырники с ягодным муссом',12,1,'240 гр.',399,'74.jpg','---','~15 мин',0,0),(75,'Сэндвич с индейкой',12,1,'270 гр.',320,'75.jpg','---','~15 мин',0,0),(76,'Сэндвич с курицей',12,1,'270 гр.',320,'fon.png','---','~15 мин',0,0),(77,'Сэндвич с лососем',12,1,'250 гр.',499,'fon.png','---','~15 мин',0,0),(78,'Сэндвич с ростбифом',12,1,'250 гр.',350,'fon.png','---','~15 мин',0,0),(79,'Боул с креветками',13,1,'250 гр.',499,'fon.png','---','~15 мин',0,0),(80,'Боул с курицей',13,1,'300 гр.',499,'fon.png','---','~15 мин',0,0),(81,'Боул с лососем',13,1,'320 гр.',649,'fon.png','---','~15 мин',0,0),(83,'Английский завтрак',14,1,'550 гр.',495,'83.jpg','---','~15 мин',0,0),(84,'Баварский завтрак',14,1,'420 гр.',550,'84.jpg','---','~15 мин',0,0),(85,'Дагестанский завтрак',14,1,'500 гр.',495,'85.jpg','---','~15 мин',0,0),(86,'Завтрак Бенедикт с курицей',14,1,'500 гр.',550,'86.jpg','---','~15 мин',0,0),(87,'Завтрак Бенедикт с семгой',14,1,'500 гр.',750,'87.jpg','---','~15 мин',0,0),(89,'Завтрак Диета',14,1,'320 гр.',550,'89.jpg','---','~15 мин',0,0),(90,'Завтрак с ростбифом',14,1,'410 гр.',650,'fon.png','---','~15 мин',0,0),(91,'Завтрак со страчателлой',14,1,'420 гр.',495,'91.jpg','---','~15 мин',0,0),(92,'Скрэмбл с ростбифом и авокадо',14,1,'400 гр.',495,'92.jpg','---','~15 мин',0,0),(93,'Турецкий завтрак',14,1,'500 гр.',495,'93.jpg','---','~15 мин',0,0),(95,'Омлет с авокадо',15,1,'300 гр.',380,'95.jpg','---','~15 мин',0,0),(96,'Омлет с грибами и сыром',15,1,'350 гр.',350,'96.jpg','---','~15 мин',0,0),(97,'Шакшука',15,1,'400 гр.',350,'97.jpg','---','~15 мин',0,0),(99,'Кураговая каша с урбечем',16,1,'400 гр.',339,'99.jpg','---','~15 мин',0,0),(100,'Овсяная каша на молоке',16,1,'300 гр.',200,'100.jpg','---','~15 мин',0,0),(101,'Овсяная каша с ягодами и миндалем',16,1,'400 гр.',439,'101.jpg','---','~15 мин',0,0),(102,'Рисовая каша на молоке',16,1,'300 гр.',200,'102.jpg','---','~15 мин',0,0),(103,'Рисовая каша на кокосовом молоке с ягодным муссом',16,1,'370 гр.',329,'103.jpg','---','~15 мин',0,0),(104,'Эспрессо',17,1,'40 мл.',200,'104.jpg','---','~15 мин',0,0),(106,'Американо',17,1,'200 мл.',200,'106.jpg','---','~15 мин',0,0),(108,'Капучино 220 мл',17,1,'220 мл.',250,'108.jpg','---','~15 мин',0,0),(109,'Капучино 320 мл',17,1,'320 мл.',300,'109.jpg','---','~15 мин',0,0),(110,'Флэт Уайт',17,1,'220 мл.',270,'110.jpg','---','~15 мин',0,0),(111,'Латте',17,1,'320 мл.',300,'111.jpg','---','~15 мин',0,0),(112,'Латте Мокко',17,1,'320 мл.',350,'112.jpg','---','~15 мин',0,0),(113,'Раф классический',17,1,'320 мл.',330,'113.jpg','---','~15 мин',0,0),(114,'Раф миндальный',17,1,'320 мл.',370,'fon.png','---','~15 мин',0,0),(115,'Раф Соленая карамель',17,1,'320 мл.',370,'fon.png','---','~15 мин',0,0),(116,'Раф Шоколадный',17,1,'320 мл.',370,'fon.png','---','~15 мин',0,0),(117,'Горячий шоколад',17,1,'80 мл.',250,'117.jpg','---','~15 мин',0,0),(118,'Какао',17,1,'320 мл.',300,'118.jpg','---','~15 мин',0,0),(119,'Альтернативное молоко',17,1,'-- мл.',60,'fon.png','---','~15 мин',0,0),(120,'Воронка',18,1,'250 мл.',250,'120.jpg','---','~15 мин',0,0),(121,'Фильтр кофе',18,1,'200 мл.',150,'121.jpg','---','~15 мин',0,0),(122,'Айс кофе',19,1,'320 мл.',300,'122.jpg','---','~15 мин',0,0),(123,'Айс кофе с урбечем',19,1,'320 мл.',350,'fon.png','молоко, мороженое, кофе урбеч миндальный','~15 мин',0,0),(125,'Айс латте',19,1,'320 мл.',330,'125.jpg','молоко, кофе, сироп Карамель','~15 мин',0,0),(127,'Бамбл',19,1,'320 мл.',350,'127.jpg','фреш апельсиновый, эспрессо, соленая карамель','~15 мин',0,0),(129,'Гляссе Мокко',19,1,'200 мл.',300,'129.jpg','мороженое, эспрессогорячий шоколад','~15 мин',0,0),(130,'Эспрессо тоник',19,1,'320 мл.',270,'130.jpg','---','~15 мин',0,0),(131,'Ананас-Базилик 1л',20,1,'1000 мл.',640,'131.jpg','фреш ананас, базилик, сироп, фреш лимона','~15 мин',0,0),(132,'Ананас-Базилик 350 мл',20,1,'350 мл.',300,'132.jpg','фреш ананас, базилик, сироп, фреш лимона','~15 мин',0,0),(133,'Голубая лагуна 1л',20,1,'1000 мл.',450,'133.jpg','---','~15 мин',0,0),(134,'Голубая лагуна 350 мл',20,1,'350 мл.',350,'134.jpg','---','~15 мин',0,0),(135,'Мохито Классик 1л',20,1,'1000 мл.',530,'135.jpg','---','~15 мин',0,0),(136,'Мохито Классик 350 мл',20,1,'350 мл.',350,'136.jpg','---','~15 мин',0,0),(137,'Мохито Ягодный 1л',20,1,'1000 мл.',600,'137.jpg','---','~15 мин',0,0),(138,'Мохито Ягодный 350 мл',20,1,'350 мл.',350,'138.jpg','---','~15 мин',0,0),(139,'Щавелевый 1л',20,1,'1000 мл.',600,'fon.png','---','~15 мин',0,0),(140,'Щавелевый  350 мл',20,1,'350 мл.',300,'fon.png','---','~15 мин',0,0),(141,'Молочный',21,1,'320 мл.',300,'141.jpg','молоко, мороженое','~15 мин',0,0),(142,'Шоколадный',21,1,'350 мл.',300,'142.jpg','молоко, мороженое, горячий шоколад','~15 мин',0,0),(143,'Молочно-банановый',21,1,'350 мл.',320,'143.jpg','молоко, мороженое, банан','~15 мин',0,0),(144,'Шоколадно-банановый',21,1,'350 мл.',330,'144.jpg','молоко, мороженое, горячий шоколад, банан','~15 мин',0,0),(145,'Баунти',21,1,'350 мл.',370,'fon.png','молоко кокосовое, мороженое, горячий шоколад','~15 мин',0,0),(146,'Клубника-Банан',21,1,'350 мл.',320,'146.jpg','молоко, мороженое, клубника, банан','~15 мин',0,0),(147,'Малинка',21,1,'350 мл.',370,'147.jpg','сок вишневый, малина, банан','~15 мин',0,0),(148,'Пеликан',21,1,'350 мл.',350,'148.jpg','сок Ананас, клубника, банан','~15 мин',0,0),(149,'Смузи Киви-Ананас',21,1,'350 мл.',350,'149.jpg','молоко, мороженое, киви, ананас','~15 мин',0,0),(150,'Фито тоник Green',21,1,'250мл',350,'150.jpg','киви, банана, яблочный фреш, шпинат','~15 мин',0,0),(152,'Ананасовый',22,1,'250 мл.',400,'152.jpg','---','~15 мин',0,0),(153,'Апельсиновый',22,1,'250 мл.',300,'153.jpg','---','~15 мин',0,0),(154,'Грейпфрутовый',22,1,'250 мл.',330,'154.jpg','---','~15 мин',0,0),(155,'Гранатовый',22,1,'250 мл.',300,'155.jpg','---','~15 мин',0,0),(156,'Морковный со сливками',22,1,'250 мл.',300,'156.jpg','---','~15 мин',0,0),(157,'Яблочно-морковный',22,1,'250 мл.',300,'157.jpg','---','~15 мин',0,0),(158,'Яблочный',22,1,'250 мл.',280,'158.jpg','---','~15 мин',0,0),(159,'Яблочно-апельсиновый',22,1,'250 мл.',300,'159.jpg','---','~15 мин',0,0),(160,'Боржоми',23,1,'-- мл.',200,'fon.png','---','~15 мин',0,0),(161,'Рычал-су',23,1,'-- мл.',90,'fon.png','---','~15 мин',0,0),(162,'Кока Кола',23,1,'-- мл.',180,'fon.png','---','~15 мин',0,0),(163,'Вода без газа',23,1,'-- мл.',100,'fon.png','---','~15 мин',0,0),(164,'Ассам',24,1,'800мл.',200,'164.jpg','---','~15 мин',0,0),(165,'Эрл грей',24,1,'800мл',350,'fon.png','---','~15 мин',0,0),(166,'Зеленый',24,1,'1000 мл.',200,'166.jpg','---','~15 мин',0,0),(167,'Жасминовый',24,1,'800мл',200,'fon.png','---','~15 мин',0,0),(168,'Молочный Улун',24,1,'800 мл.',200,'168.jpg','---','~15 мин',0,0),(169,'Травяной сбор',24,1,'800 мл.',200,'169.jpg','---','~15 мин',0,0),(170,'Габа',24,1,'600 мл.',450,'170.jpg','---','~15 мин',0,0),(172,'Глинтвейн',25,1,'800 мл.',600,'172.jpg','на основе сока, смесь специй, апельсин,лайм,яблоко','~15 мин',0,0),(173,'Марокканский',25,1,'800мл',400,'173.jpg','лайм, мята, корица, гвоздика','~15 мин',0,0),(174,'Облепиховый',25,1,'800 мл.',500,'174.jpg','облепиха,имбирь,мед','~15 мин',0,0),(175,'Осенний',25,1,'800 мл.',350,'175.jpg','чай Молочный улун, мед, лимон, имбирь','~15 мин',0,0),(177,'Ягодно-имбирный',25,1,'800 мл.',400,'177.jpg','клубника, малина, имбирь, лимон, чай Ассам','~15 мин',0,0),(180,'Десерт \"Jumeira\"',26,1,'-- мл.',350,'fon.png','мороженое,горячий шоколад,безе с фундуком','~15 мин',0,0),(181,'Мороженое с горячим шоколадом',26,1,'-- мл.',180,'fon.png','---','~15 мин',0,0),(182,'Финики в шоколаде',26,1,'1 шт.',100,'fon.png','---','~15 мин',0,0),(183,'Варенье',26,1,'150 гр.',200,'fon.png','---','~15 мин',0,0),(184,'Мед с орехами',26,1,'150 гр.',200,'fon.png','---','~15 мин',0,0),(185,'Мед',26,1,'150 гр.',200,'fon.png','---','~15 мин',0,0),(186,'Безе с фундуком',26,1,'--',80,'fon.png','---','~15 мин',0,0),(187,'Блинное пирожное',26,1,'--',200,'fon.png','---','~15 мин',0,0),(188,'Блинное шоколадное пирожное',26,1,'--',200,'fon.png','---','~15 мин',0,0),(192,'Дакуаз',26,1,'--',330,'fon.png','---','~15 мин',0,0),(193,'Кукис Классический',26,1,'--',150,'fon.png','---','~15 мин',0,0),(194,'Кукис Шоколадный',26,1,'--',180,'fon.png','---','~15 мин',0,0),(195,'Сникерс',26,1,'--',200,'fon.png','---','~15 мин',0,0),(196,'Творожно-шоколадное',26,1,'--',230,'fon.png','---','~15 мин',0,0),(197,'Тирамису Классический',26,1,'--',250,'fon.png','---','~15 мин',0,0),(198,'Три шоколада',26,1,'--',250,'fon.png','---','~15 мин',0,0),(199,'Филадельфия шоколад',26,1,'--',250,'fon.png','---','~15 мин',0,0),(200,'Финик с грецким орехом в шоколаде',26,1,'--',100,'fon.png','---','~15 мин',0,0),(201,'Финик с фундуком в шоколаде',26,1,'--',100,'fon.png','---','~15 мин',0,0),(202,'Чизкейк маковый',26,1,'--',250,'fon.png','---','~15 мин',0,0),(203,'Омлет с зеленью Кюкю',15,1,'250 гр.',350,'fon.png','---','~15 мин',0,0),(204,'Филе морского окуня ',5,1,'320 гр.',850,'fon.png','Филе морского окуня с птитим и соусом манго-маракуйя','~15 мин',0,0),(205,'Морской Карась',5,1,'320 гр.',820,'fon.png','Морской Карась с кускусом и гранатовым соусом','~15 мин',0,0),(206,'Семга на гриле ',5,1,'390 гр.',1390,'fon.png','Семга на гриле с рисом и соусом из икры летучей рыбы','~15 мин',0,0),(207,'Медальоны из телятины с овощами и картофелем по деревенски',6,1,'340 гр.',780,'fon.png','','~15 мин',0,0),(208,'Брускетта Джумейра',1,1,'300 гр.',400,'fon.png','','~15 мин',0,0),(209,'Салат с тунцом с соусом манго-маракуйя ',2,1,'360 гр.',580,'fon.png','','~15 мин',0,0),(210,'Салат с молодым шпинатом авокадо и киноа',2,1,'360гр.',549,'fon.png','','~15 мин',0,0),(211,'Салат шампиньоны с телятиной с медово-горчичным соусом ',2,1,'290 гр.',630,'fon.png','','~15 мин',0,0),(212,'Воронка Special',18,1,'250 мл.',500,'fon.png','---','~15 мин',0,0),(213,'Турка',19,1,'200 мл.',300,'126.jpg','','~15 мин',0,0),(214,'Турка',1,1,'300 гр.',400,'4.jpg','','~15 мин',0,0),(215,'Колд брю',17,1,'150мл.',300,'fon.png','---','~15 мин',0,0),(216,'Колд брю тоник ',19,1,'320 мл.',300,'fon.png','---','~15 мин',0,0),(218,'Смузи Авокадо-манго',21,1,'350 мл.',350,'fon.png','авокадо, манго, мед натуральный','~15 мин',0,0),(219,'Манго-маракуйя',20,1,'1000 мл.',600,'fon.png','манго,маракуйя,сок апельсиновый','~15 мин',0,0),(220,'Манго-маракуйя',20,1,'350 мл.',350,'fon.png','манго,маракуйя,сок апельсиновый','~15 мин',0,0),(221,'вода эдис стекло',23,1,'-- мл.',200,'fon.png','---','~15 мин',0,0);
/*!40000 ALTER TABLE `goods` ENABLE KEYS */;
UNLOCK TABLES;

--
-- Table structure for table `goods_props`
--

DROP TABLE IF EXISTS `goods_props`;
/*!40101 SET @saved_cs_client     = @@character_set_client */;
/*!40101 SET character_set_client = utf8 */;
CREATE TABLE `goods_props` (
  `id` int(10) unsigned NOT NULL AUTO_INCREMENT,
  `good_id` int(10) unsigned NOT NULL,
  `prop` varchar(255) NOT NULL,
  `value` varchar(255) NOT NULL,
  PRIMARY KEY (`id`)
) ENGINE=InnoDB AUTO_INCREMENT=16 DEFAULT CHARSET=utf8 AVG_ROW_LENGTH=1170;
/*!40101 SET character_set_client = @saved_cs_client */;

--
-- Dumping data for table `goods_props`
--

LOCK TABLES `goods_props` WRITE;
/*!40000 ALTER TABLE `goods_props` DISABLE KEYS */;
INSERT INTO `goods_props` VALUES (1,1,'Процессор','Intel Core i5'),(2,1,'Объем памяти','4 Гб'),(3,1,'Размер экрана','13 дюймов'),(4,2,'Процессор','Intel Core i7'),(6,2,'Размер экрана','13 дюймов'),(7,3,'Размер экрана','14 дюймов'),(8,4,'Процессор','Intel Pentium 4'),(9,5,'Процессор','Intel Core i7'),(10,5,'Наличие wi-fi','да'),(11,6,'Диагональ экрана','5 дюймов'),(12,6,'GPS','да'),(13,7,'Диагональ экрана','4 дюйма'),(14,7,'GPS','нет'),(15,8,'Диагональ экрана','4 дюйма');
/*!40000 ALTER TABLE `goods_props` ENABLE KEYS */;
UNLOCK TABLES;

--
-- Table structure for table `orders`
--

DROP TABLE IF EXISTS `orders`;
/*!40101 SET @saved_cs_client     = @@character_set_client */;
/*!40101 SET character_set_client = utf8 */;
CREATE TABLE `orders` (
  `id` int(10) unsigned NOT NULL AUTO_INCREMENT,
  `client_id` int(10) unsigned NOT NULL,
  `address` varchar(255) DEFAULT NULL,
  `message` varchar(255) DEFAULT NULL,
  `dt_added` timestamp NOT NULL DEFAULT CURRENT_TIMESTAMP ON UPDATE CURRENT_TIMESTAMP,
  PRIMARY KEY (`id`)
) ENGINE=InnoDB DEFAULT CHARSET=utf8 AVG_ROW_LENGTH=2730;
/*!40101 SET character_set_client = @saved_cs_client */;

--
-- Dumping data for table `orders`
--

LOCK TABLES `orders` WRITE;
/*!40000 ALTER TABLE `orders` DISABLE KEYS */;
/*!40000 ALTER TABLE `orders` ENABLE KEYS */;
UNLOCK TABLES;
/*!40103 SET TIME_ZONE=@OLD_TIME_ZONE */;

/*!40101 SET SQL_MODE=@OLD_SQL_MODE */;
/*!40014 SET FOREIGN_KEY_CHECKS=@OLD_FOREIGN_KEY_CHECKS */;
/*!40014 SET UNIQUE_CHECKS=@OLD_UNIQUE_CHECKS */;
/*!40101 SET CHARACTER_SET_CLIENT=@OLD_CHARACTER_SET_CLIENT */;
/*!40101 SET CHARACTER_SET_RESULTS=@OLD_CHARACTER_SET_RESULTS */;
/*!40101 SET COLLATION_CONNECTION=@OLD_COLLATION_CONNECTION */;
/*!40111 SET SQL_NOTES=@OLD_SQL_NOTES */;

-- Dump completed on 2025-01-27 20:38:40
